Rank,Company name,Brand,Location,Sector,Absolute growth rate (%),Compound annual growth rate (%),Revenue 2024 ($mn),Revenue 2021 ($mn),Number of employees 2024,Number of employees 2021,Founding year
1,Thndr Technology Holding for Financial Investments,Thndr,Egypt,"Fintech, Financial Services & Insurance","6,851.49",311.17,8.02,0.12,247,68,2020
2,Sabi Holdings Inc,Sabi,Nigeria,Metals & Mining,"2,953.41",212.56,46.5,1.52,261,125,2021
3,Regulus Investment and Financial Services Ltd,Regulus,Ghana,"Fintech, Financial Services & Insurance","2,315.87",189.08,2.34,0.23,7,5,2019
4,Haul247 Technology Inc,Haul247,Nigeria,Logistics & Transportation,"1,816.67",167.62,1.93,0.1,30,5,2020
5,Inkomoko Entrepreneur Development Ltd,Inkomoko,Rwanda,"Fintech, Financial Services & Insurance","1,794.90",166.6,3.92,0.28,197,67,2013
6,Fieldbar Pty Ltd,Fieldbar,South Africa,Manufacturing,"1,693.73",161.77,7.12,0.47,100,20,2020
7,Heirs Life Assurance Ltd,Heirs Life,Nigeria,"Fintech, Financial Services & Insurance","1,422.46",147.85,28.72,7.17,83,43,2020
8,Remedial Health Inc,Remedial Health,Nigeria,Pharmaceuticals & Cosmetics,"1,383.42",145.71,12.53,0.84,470,8,2020
9,Future Forex SA Pty Ltd,Future Forex,South Africa,"Fintech, Financial Services & Insurance","1,294.68",140.71,7.77,0.66,95,15,2020
10,New Mauritius Hotels Ltd,Beachcomber Resorts & Hotels,Mauritius,Hospitality & Travel,"1,255.37",138.43,328.32,25.98,"4,987","5,052",1952
11,Currenzo Nigeria Ltd,Africhange,Nigeria,"Fintech, Financial Services & Insurance","1,104.39",129.22,2.3,0.22,68,6,2020
12,Rank Capital Inc,Rank Capital,Nigeria,"Fintech, Financial Services & Insurance","1,062.68",126.55,4.65,0.4,57,10,2020
13,General Printers 2021 Ltd,General Printers 2021,Kenya,Manufacturing,943.03,118.49,7.36,0.8,128,52,2021
14,Numida Technologies Inc,Numida,Uganda,"Fintech, Financial Services & Insurance",887.15,114.52,6.37,0.65,155,55,2015
15,Nedbank Group Ltd,Nedbank,South Africa,"Fintech, Financial Services & Insurance",738.98,103.2,7.35,1.04,"26,140","26,900",2005
16,Commercio Partners Ltd,Comercio Partners,Nigeria,"Fintech, Financial Services & Insurance",730.41,102.5,8.26,3.78,58,36,2016
17,Altacon Projects Pty Ltd,Altacon Projects,South Africa,Construction & Engineering,700.61,100.05,4.89,0.73,127,50,2015
18,McNichols Consolidated Plc,McNichols,Nigeria,Food & Beverages,650.03,95.75,3.77,1.91,42,72,2005
19,Termii Inc,Termii,Nigeria,Media & Telecommunications,646.7,95.46,2.53,1.29,50,10,2017
20,CrossBoundary Energy Holdings,CrossBoundary Energy,Mauritius,Energy & Utilities,630.87,94.07,6.05,0.83,66,14,2015
21,Paymenow Group Pty Ltd,Paymenow,South Africa,"Fintech, Financial Services & Insurance",603.29,91.59,7.28,1.23,42,5,2019
22,Balloon Ventures Ltd,Balloon Ventures,Uganda,"Fintech, Financial Services & Insurance",583.48,89.78,2.04,0.3,37,8,2017
23,GoTyme Bank Ltd,GoTyme Bank,South Africa,"Fintech, Financial Services & Insurance",535.78,85.25,84.42,15.76,696,325,2015
24,Mkhwanazi and Ngubane Pty Ltd,Avatar Agency Group,South Africa,Advertising & Marketing,473.49,79,36.12,6.3,231,116,2012
25,Geotheta Pty Ltd,Geotheta,South Africa,Construction & Engineering,465.39,78.15,3.76,0.79,20,11,2015
26,African Rail Company Ltd,African Rail Company,Mozambique,Logistics & Transportation,448.49,76.36,10.85,1.98,64,17,2013
27,Wicorp Pty Ltd,WiSolar,South Africa,Energy & Utilities,418.93,73.13,5.77,1.32,105,59,2016
28,OmniRetail Inc,OmniRetail,Nigeria,E-commerce,412.32,72.39,54.24,40.26,565,336,2020
29,Turaco Microinsurance Ltd,Turaco,Kenya,"Fintech, Financial Services & Insurance",408.9,72.01,7.46,1.47,75,48,2018
30,i-Fitness Centre Ltd,i-Fitness,Nigeria,Leisure & Entertainment,402.54,71.29,5.9,4.46,607,400,2015
31,GoBid Pty Ltd,GoBid,South Africa,Automotive,390.06,69.86,32.38,7.84,314,108,2020
32,Redtech Ltd,Redtech,Nigeria,"Fintech, Financial Services & Insurance",388.37,69.66,4.47,3.48,55,14,2019
33,Forklift Handling Pty Ltd,Forklift Handling,South Africa,Wholesale,386.55,69.45,2.51,0.61,40,8,2016
34,Aldelia Africa,Aldelia,Mauritius,Employment Services,362.75,66.64,65.05,14.06,170,99,2005
35,Medine Ltd,Medine,Mauritius,"Agriculture, Forestry & Fishing",360.85,66.41,117.31,27.31,948,880,1911
36,BUA Foods Plc,BUA Foods,Nigeria,Manufacturing,358.46,66.13,992.16,822.89,"3,566","1,890",2021
37,Consulmet Pty Ltd,Consulmet,South Africa,Mechanical & Plant Engineering,355.87,65.81,83.37,21.71,133,69,2004
38,Beau Vallon Hospitality Ltd,Beau Vallon Hospitality,Mauritius,Hospitality & Travel,334.28,63.15,24.45,6.04,700,300,1985
39,Sundry Markets Ltd,Marketsquare,Nigeria,Retail,330.54,62.68,93.81,82.86,"3,181","2,286",2014
40,Mylerz Egypt For Logistics and Technology Services,Myerz,Egypt,Logistics & Transportation,322.27,61.63,10.94,2.59,"1,281",416,2019
41,Heirs General Insurance Ltd,Heirs General Insurance,Nigeria,"Fintech, Financial Services & Insurance",309.76,60.02,9.3,8.63,103,46,2020
42,My Credit Investment Ltd,Fairmoney Microfinance Bank,Nigeria,"Fintech, Financial Services & Insurance",291.57,57.62,75.73,73.54,"1,067",294,2017
43,MQ Finance Pty Ltd,Marquis Finance,South Africa,"Fintech, Financial Services & Insurance",289.53,57.34,20.55,6.26,114,58,2019
44,Globe MedEx for Trade and Distribution,Globe Medex,Egypt,Pharmaceuticals & Cosmetics,283.09,56.47,2.38,2.02,15,12,2017
45,City Lodge Hotels Ltd,City Lodge Hotels,South Africa,Hospitality & Travel,280.87,56.17,103.04,32.11,"1,310","1,148",1985
46,Omnisient Rf Pty Ltd,Omnisient,South Africa,"Fintech, Financial Services & Insurance",263.38,53.74,2.34,0.77,40,17,2019
47,Electrum Payments Pty Ltd,Electrum,South Africa,IT & Software,255.89,52.68,14.88,4.96,118,83,2012
48,Hubtel Ltd,Hubtel,Ghana,"Fintech, Financial Services & Insurance",255.56,52.63,63.68,17.91,697,151,2005
49,Interplast Ltd,Interplast,Ghana,Manufacturing,230.38,48.94,78.98,57.88,734,468,1971
50,Solar MD Pty Ltd,Solar MD,South Africa,Manufacturing,228.21,48.61,24.75,8.95,104,45,2014
51,Coimbra Confectionery Pty Ltd,Pie in the Sky,South Africa,Food & Beverages,225.77,48.24,9.04,3.29,210,110,1992
52,Zendascape Pty Ltd,Aura,South Africa,IT & Software,218.64,47.15,6.66,2.48,85,23,2017
53,Washirika 3 Oaks Pty Ltd,W3O,South Africa,Construction & Engineering,217.75,47.01,28.41,10.61,262,105,2005
54,Sourcefin Pty Ltd,Sourcefin,South Africa,"Fintech, Financial Services & Insurance",216.97,46.9,10.16,3.81,35,18,2020
55,Hot1027 FM Pty Ltd,Hot 1027,South Africa,Media & Telecommunications,208.8,45.62,5.68,2.19,56,37,1996
56,Froozels Food Products Pty Ltd,Froozels,South Africa,Food & Beverages,205.3,45.07,9.98,3.88,133,62,2013
57,Drive24 Pty Ltd,Drive.co.za,South Africa,Automotive,199.51,44.15,6.22,2.47,36,8,2020
58,Fasta Pty Ltd,Fasta,South Africa,"Fintech, Financial Services & Insurance",195.5,43.5,10.5,4.22,30,22,2017
59,Lapaire Glasses Côte d'Ivoire SARL,Lapaire,Cote D'Ivoire,Health Care & Life Sciences,195.14,43.44,5.47,1.85,429,142,2018
60,Granor Passi Pty Ltd,Granor Passi,South Africa,Food & Beverages,193.78,43.22,108.65,43.89,453,431,1957
61,Padenga Holdings Ltd,Padenga,Zimbabwe,Metals & Mining,192.99,43.09,222.96,76.1,"1,830",808,1965
62,M-Kopa Holdings Ltd,M-Kopa,Kenya,"Fintech, Financial Services & Insurance",192.51,43.01,417.99,142.9,"1,771",766,2011
63,Axian Telecom,Yas,Mauritius,Media & Telecommunications,189.57,42.53,"1,406.92",485.86,"5,217","3,219",2003
64,Face Africa Tax & Legal,Face Africa Tax & Legal (Member of WTS Global),Senegal,"Fintech, Financial Services & Insurance",188.65,42.38,2.2,0.82,35,14,2011
65,Agro Supply Ltd,Agro Supply,Uganda,"Agriculture, Forestry & Fishing",183.34,41.5,4.08,1.5,30,9,2017
66,CFO360 Pty Ltd,CFO360,South Africa,"Fintech, Financial Services & Insurance",169.46,39.16,2.85,1.25,67,25,2016
67,Kenya Airways Plc,Kenya Airways,Kenya,Hospitality & Travel,168.43,38.98,"1,462.90",621.15,"4,705","3,544",1977
68,GBSH Consult Group,gsbh,South Africa,Management consulting,164.2,38.24,47.75,21.45,"7,200","4,700",1997
69,Al Watania Water Technologies,Al Watania Water Technologies,Egypt,Energy & Utilities,154.21,36.48,2.95,1.16,40,20,2003
70,Elenjical Solutions Pty Ltd,Elenjical Solutions,South Africa,"Fintech, Financial Services & Insurance",145.62,34.92,10.07,4.87,123,68,2013
71,Risma SA,Risma,Morocco,Hospitality & Travel,140.78,34.03,125.09,56.61,"1,193",863,1993
72,Beyond Wireless Technology Pty Ltd,GoBeyondGroup,South Africa,IT & Software,140.24,33.93,2.6,1.28,24,16,2001
73,Luxity Pty Ltd,Luxity,South Africa,E-commerce,137.5,33.42,3.6,1.8,50,28,2015
74,Gomycode Holding Bv,Gomycode,Tunisia,Education & Social Services,131.44,32.28,4.34,1.87,180,160,2018
75,Africa Healthcare Network,Africa Healthcare Network,Mauritius,Health Care & Life Sciences,130.52,32.1,12.35,5.36,613,272,2015
76,Carbacid Investments Plc,Carbacid Investments,Kenya,Chemicals,127.92,31.6,16.04,8.02,74,,1958
77,Fourth Generation Capital Group Ltd,4G Capital,Kenya,"Fintech, Financial Services & Insurance",126.84,31.39,39.17,17.27,"1,190",492,2014
78,GoodX Pty Ltd,GoodX,South Africa,IT & Software,122.36,30.52,7.64,4.08,250,150,1985
79,Travaux Généraux de Construction de Casablanca SA,TGCC,Morocco,Construction & Engineering,109.54,27.96,751.94,391.06,"10,814","8,467",1991
80,Kofiisi Hospitality Group Ltd,Kofiisi,Kenya,Real Estate,105.87,27.21,10.27,4.99,128,61,2014
81,KAL Group Ltd,KAL Group,South Africa,Retail,105.38,27.11,"1,153.05",666.33,"6,795","3,736",1912
82,Fleetcam Pty Ltd,Fleetcam,South Africa,IT & Software,101.76,26.36,4.23,2.49,98,54,2014
83,Greenlight Planet Inc,Sun King,Kenya,Energy & Utilities,101.36,26.28,370.44,183.97,"3,128","2,020",2008
84,Hannibal Lease SA,Hannibal Lease,Tunisia,"Fintech, Financial Services & Insurance",99.13,25.81,17.99,9.99,132,131,2001
85,Tesla Solar SA Pty Ltd,Tesla Solar,South Africa,Energy & Utilities,98.13,25.6,4.6,2.76,5,2,2016
86,Ciel Ltd,Ciel,Mauritius,Manufacturing,96.86,25.33,749.54,408.43,"37,600","31,308",1912
87,Talenteum,Breedj,Mauritius,Employment Services,95.91,25.13,9.07,4.63,311,207,2021
88,Spur Corporation Ltd,Spur Corporation,South Africa,Food & Beverages,92.45,24.39,184.28,113.65,"1,130",409,1967
89,AfriGrown Holdings,AfriGrown,South Africa,"Professional, Scientific & Technical Services",91.6,24.2,6.17,3.82,36,48,2008
90,Routed Hosting,Routed,South Africa,IT & Software,88.7,23.57,3.1,1.64,7,4,2016
91,Bonben Assurance Namibia Ltd,Bonlife Namibia,Namibia,"Fintech, Financial Services & Insurance",88.23,23.47,6.73,4.24,53,39,1996
92,Monelics Services Solutions SA,MS Solutions,Tunisia,IT & Software,87.91,23.4,18.41,10.84,96,53,2013
93,Jet Contractors SA,Jet Contractors,Morocco,Construction & Engineering,86.39,23.07,309.94,181.21,"6,000","6,000",1992
94,KCB Group Plc,KCB Group,Kenya,"Fintech, Financial Services & Insurance",85.61,22.89,"1,574.77",967.04,"12,090","8,538",1896
95,Linkfields Innovations Pty Ltd,Linkfields Innovations,South Africa,IT & Software,85,22.76,10.39,6.67,99,21,2008
96,Dialog Group,Dialog,Morocco,Pharmaceuticals & Cosmetics,83.14,22.35,327.47,194.85,"2,500",900,2005
97,Quick Mart Ltd,Quick Mart,Kenya,Retail,81.88,22.07,362.5,227.16,"7,313","4,479",2006
98,Jachris Hose & Couplings Pty Ltd,Jachris,South Africa,Metals & Mining,81.83,22.05,25.82,16.85,385,325,1976
99,Société Tunisienne d'Entreprises de Télécommunications SA,Sotetel,Tunisia,Media & Telecommunications,81.12,21.9,22.25,13.58,272,270,1981
100,Zambia Bata Shoe Company Plc,Bata,Zambia,Manufacturing,80.75,21.81,10.69,9.88,,,1937
101,Cresta Marakanelo Ltd,Cresta,Botswana,Hospitality & Travel,77.81,21.15,27.54,18.48,953,873,1987
102,Vicenne SA,Vicenne,Morocco,Health Care & Life Sciences,75.22,20.56,82.81,51.5,290,,2004
103,Unité de Fabrication des Médicaments SA,Unimed,Tunisia,Pharmaceuticals & Cosmetics,74.74,20.45,46.44,29.39,786,700,1989
104,African Management Initiative,African Management Institute,Mauritius,Education & Social Services,74.28,20.34,7.81,4.48,150,75,2013
105,Mic Global Risks Ltd,Mic Global Risks,Kenya,"Fintech, Financial Services & Insurance",73.85,20.24,6.04,3.96,65,49,1999
106,UVU Africa NPC,UVU Africa,South Africa,Education & Social Services,73.04,20.06,6.6,4.53,69,61,1999
107,Impax Business Solutions Ltd,Impax Business Solutions,Kenya,IT & Software,72.22,19.87,4.02,2.66,118,74,2003
108,Windscreen Distributors Pty Ltd,Windscreen Distributors,South Africa,Automotive,71.07,19.6,23.17,16.08,210,179,2005
109,CloudHop Ltd,Cloudhop,Mauritius,IT & Software,69.04,19.12,2.94,1.74,11,7,2012
110,Unifreight Africa Ltd,Unifreight,Zimbabwe,Logistics & Transportation,64.31,18,24.54,14.94,743,814,1946
111,Land'Or SA,Land'Or,Tunisia,"Agriculture, Forestry & Fishing",62.26,17.51,81.46,55.51,900,700,1994
112,Consumer Profile Bureau Pty Ltd,Consumer Profile Bureau,South Africa,"Fintech, Financial Services & Insurance",61.75,17.39,5.79,4.25,67,61,1981
113,eAdvance Pty Ltd,Spark Schools,South Africa,Education & Social Services,61.45,17.31,31.66,23.27,"1,500","1,100",2012
114,Constance La Gaiete Company Ltd,Constance Group,Mauritius,"Agriculture, Forestry & Fishing",60.82,17.16,9.81,6.54,,,1913
115,The Kenya Power and Lighting Company Plc,Kenya Power,Kenya,Energy & Utilities,60.37,17.05,"1,793.74","1,274.83","10,437","10,177",1922
116,Copperbelt Energy Corporation Plc,Copperbelt Energy,Zambia,Energy & Utilities,59.81,16.92,547.66,342.69,504,341,1953
117,Naivas Ltd,Naivas,Kenya,Retail,57.4,16.32,795.55,576.07,"11,025","7,615",1990
118,CA Sales Holdings Ltd,CA&S Group,South Africa,Retail,55.95,15.97,664.16,505.47,"15,660","10,423",2011
119,Co-operative Bank of Kenya Ltd,Co-operative Bank of Kenya,Kenya,"Fintech, Financial Services & Insurance",55.06,15.74,887.27,652.2,"5,863","4,505",1968
120,The Avenue Group Ltd,Avenue Healthcare,Kenya,Health Care & Life Sciences,53.68,15.4,45.84,33.99,"2,225","1,810",1976
121,Entelelect Software Pty Ltd,Entelelect,South Africa,IT & Software,52.51,15.11,99.51,77.44,"1,310",944,2007
122,Kusasa Cleaning Pty Ltd,Kusasa Cleaning,South Africa,"Professional, Scientific & Technical Services",52.33,15.06,2.31,1.8,321,217,2014
123,Consolidated Wealth Group,Consolidated Wealth Group,South Africa,"Fintech, Financial Services & Insurance",51.21,14.78,2.35,1.84,34,17,2002
124,Araxi Ltd,Araxi,South Africa,"Fintech, Financial Services & Insurance",50.51,14.6,66.35,52.32,757,321,2015
125,Choppies Enterprises Ltd,Choppies,Botswana,Retail,50.45,14.59,656.83,520.73,"11,388","9,746",2004
126,Consilient Ltd,Consilient,Somaliland,"Professional, Scientific & Technical Services",43.6,12.82,4.03,2.81,40,20,2019
127,Pan African Resources Plc,Pan African Resources,South Africa,Metals & Mining,43.48,12.79,540.03,376.37,"7,101","5,118",2000
128,Dar es Salaam Stock Exchange Plc,Dar es Salaam Stock Exchange,Tanzania,"Fintech, Financial Services & Insurance",37.99,11.33,3.25,2.46,32,31,1996
129,Craft Silicon Ltd,Craft Silicon,Kenya,IT & Software,34.14,10.29,25.89,19.3,508,318,2000
130,Roff Industries Pty Ltd,Roff,South Africa,Manufacturing,30.45,9.27,5.58,5.08,52,69,2008
