Entity,Code,Year,Share of population in poverty ($3 a day),Population,World region according to OWID
Ethiopia,ETH,1981,,35304010,Africa
Ethiopia,ETH,1982,,36701293,Africa
Ethiopia,ETH,1983,,37740821,Africa
Ethiopia,ETH,1984,,38735728,Africa
Ethiopia,ETH,1985,,39842136,Africa
Ethiopia,ETH,1986,,41037658,Africa
Ethiopia,ETH,1987,,42460039,Africa
Ethiopia,ETH,1988,,44150834,Africa
Ethiopia,ETH,1989,,45879686,Africa
Ethiopia,ETH,1990,,47609760,Africa
Ethiopia,ETH,1991,,49717203,Africa
Ethiopia,ETH,1992,,51853756,Africa
Ethiopia,ETH,1993,,53708892,Africa
Ethiopia,ETH,1994,,55611514,Africa
Ethiopia,ETH,1995,73.51546883583069,57537340,Africa
Ethiopia,ETH,1996,,59467640,Africa
Ethiopia,ETH,1997,,61404541,Africa
Ethiopia,ETH,1998,,63363523,Africa
Ethiopia,ETH,1999,65.88854193687439,65374561,Africa
Ethiopia,ETH,2000,,67411496,Africa
Ethiopia,ETH,2001,,69487767,Africa
Ethiopia,ETH,2002,,71635521,Africa
Ethiopia,ETH,2003,,73832664,Africa
Ethiopia,ETH,2004,41.32879078388214,76077211,Africa
Ethiopia,ETH,2005,,78367476,Africa
Ethiopia,ETH,2006,,80703495,Africa
Ethiopia,ETH,2007,,83103218,Africa
Ethiopia,ETH,2008,,85543670,Africa
Ethiopia,ETH,2009,,88007641,Africa
Ethiopia,ETH,2010,37.40920126438141,90538518,Africa
Ethiopia,ETH,2011,,93149977,Africa
Ethiopia,ETH,2012,,95798771,Africa
Ethiopia,ETH,2013,,98438752,Africa
Ethiopia,ETH,2014,,101115615,Africa
Ethiopia,ETH,2015,32.99904465675354,103867140,Africa
Ethiopia,ETH,2016,,106718163,Africa
Ethiopia,ETH,2017,,109666482,Africa
Ethiopia,ETH,2018,,112664157,Africa
Ethiopia,ETH,2019,,115737384,Africa
Ethiopia,ETH,2020,,118917670,Africa
Ethiopia,ETH,2021,38.636115193367004,122138588,Africa
Ethiopia,ETH,2022,,125384285,Africa
Ghana,GHA,1981,,12281722,Africa
Ghana,GHA,1982,,12643820,Africa
Ghana,GHA,1983,,13029841,Africa
Ghana,GHA,1984,,13370591,Africa
Ghana,GHA,1985,,13661237,Africa
Ghana,GHA,1986,,13965221,Africa
Ghana,GHA,1987,78.21900248527527,14289110,Africa
Ghana,GHA,1988,77.4370014667511,14636577,Africa
Ghana,GHA,1989,,15006814,Africa
Ghana,GHA,1990,,15394650,Africa
Ghana,GHA,1991,80.36236763000488,15787495,Africa
Ghana,GHA,1992,,16184863,Africa
Ghana,GHA,1993,,16589521,Africa
Ghana,GHA,1994,,16993190,Africa
Ghana,GHA,1995,,17399023,Africa
Ghana,GHA,1996,,17810184,Africa
Ghana,GHA,1997,,18238961,Africa
Ghana,GHA,1998,65.34857749938965,18688041,Africa
Ghana,GHA,1999,,19149875,Africa
Ghana,GHA,2000,,19637085,Africa
Ghana,GHA,2001,,20167073,Africa
Ghana,GHA,2002,,20729392,Africa
Ghana,GHA,2003,,21296710,Africa
Ghana,GHA,2004,,21868298,Africa
Ghana,GHA,2005,60.886943340301514,22449446,Africa
Ghana,GHA,2006,,23040704,Africa
Ghana,GHA,2007,,23642284,Africa
Ghana,GHA,2008,,24249945,Africa
Ghana,GHA,2009,,24862667,Africa
Ghana,GHA,2010,,25475000,Africa
Ghana,GHA,2011,,26095091,Africa
Ghana,GHA,2012,41.76550209522247,26734273,Africa
Ghana,GHA,2013,,27386193,Africa
Ghana,GHA,2014,,28041592,Africa
Ghana,GHA,2015,,28696071,Africa
Ghana,GHA,2016,39.025792479515076,29356736,Africa
Ghana,GHA,2017,,30008364,Africa
Ghana,GHA,2018,,30637592,Africa
Ghana,GHA,2019,,31258943,Africa
Ghana,GHA,2020,,31887802,Africa
Ghana,GHA,2021,,32518662,Africa
Ghana,GHA,2022,,33149152,Africa
Hong Kong,HKG,1981,,5060960,Asia
Hong Kong,HKG,1982,,5150097,Asia
Hong Kong,HKG,1983,,5235115,Asia
Hong Kong,HKG,1984,,5315980,Asia
Hong Kong,HKG,1985,,5393122,Asia
Hong Kong,HKG,1986,,5451437,Asia
Hong Kong,HKG,1987,,5486376,Asia
Hong Kong,HKG,1988,,5514904,Asia
Hong Kong,HKG,1989,,5540576,Asia
Hong Kong,HKG,1990,,5560599,Asia
Hong Kong,HKG,1991,,5628091,Asia
Hong Kong,HKG,1992,,5759558,Asia
Hong Kong,HKG,1993,,5902506,Asia
Hong Kong,HKG,1994,,6042259,Asia
Hong Kong,HKG,1995,,6177105,Asia
Hong Kong,HKG,1996,,6302469,Asia
Hong Kong,HKG,1997,,6416674,Asia
Hong Kong,HKG,1998,,6521331,Asia
Hong Kong,HKG,1999,,6616524,Asia
Hong Kong,HKG,2000,,6704665,Asia
Hong Kong,HKG,2001,,6774243,Asia
Hong Kong,HKG,2002,,6821412,Asia
Hong Kong,HKG,2003,,6858906,Asia
Hong Kong,HKG,2004,,6888164,Asia
Hong Kong,HKG,2005,,6908483,Asia
Hong Kong,HKG,2006,,6931089,Asia
Hong Kong,HKG,2007,,6971344,Asia
Hong Kong,HKG,2008,,7020689,Asia
Hong Kong,HKG,2009,,7064464,Asia
Hong Kong,HKG,2010,,7101614,Asia
Hong Kong,HKG,2011,,7142969,Asia
Hong Kong,HKG,2012,,7201059,Asia
Hong Kong,HKG,2013,,7264330,Asia
Hong Kong,HKG,2014,,7319502,Asia
Hong Kong,HKG,2015,,7366411,Asia
Hong Kong,HKG,2016,,7408006,Asia
Hong Kong,HKG,2017,,7444889,Asia
Hong Kong,HKG,2018,,7471190,Asia
Hong Kong,HKG,2019,,7485817,Asia
Hong Kong,HKG,2020,,7490240,Asia
Hong Kong,HKG,2021,,7484604,Asia
Hong Kong,HKG,2022,,7465913,Asia
Kenya,KEN,1981,,16601510,Africa
Kenya,KEN,1982,,17206177,Africa
Kenya,KEN,1983,,17846374,Africa
Kenya,KEN,1984,,18514908,Africa
Kenya,KEN,1985,,19201772,Africa
Kenya,KEN,1986,,19901643,Africa
Kenya,KEN,1987,,20616091,Africa
Kenya,KEN,1988,,21356222,Africa
Kenya,KEN,1989,,22118437,Africa
Kenya,KEN,1990,,22892655,Africa
Kenya,KEN,1991,,23646514,Africa
Kenya,KEN,1992,32.036998867988586,24382466,Africa
Kenya,KEN,1993,,25117192,Africa
Kenya,KEN,1994,31.994888186454773,25857136,Africa
Kenya,KEN,1995,,26601753,Africa
Kenya,KEN,1996,,27344211,Africa
Kenya,KEN,1997,32.57809579372406,28101762,Africa
Kenya,KEN,1998,,28888063,Africa
Kenya,KEN,1999,,29733413,Africa
Kenya,KEN,2000,,30642893,Africa
Kenya,KEN,2001,,31619170,Africa
Kenya,KEN,2002,,32629809,Africa
Kenya,KEN,2003,,33652233,Africa
Kenya,KEN,2004,,34713453,Africa
Kenya,KEN,2005,44.55765187740326,35796485,Africa
Kenya,KEN,2006,,36904010,Africa
Kenya,KEN,2007,,38036354,Africa
Kenya,KEN,2008,,39206349,Africa
Kenya,KEN,2009,,40408887,Africa
Kenya,KEN,2010,,41598570,Africa
Kenya,KEN,2011,,42758467,Africa
Kenya,KEN,2012,,43888306,Africa
Kenya,KEN,2013,,44986794,Africa
Kenya,KEN,2014,,46051441,Africa
Kenya,KEN,2015,37.65190839767456,47088528,Africa
Kenya,KEN,2016,,48139683,Africa
Kenya,KEN,2017,,49197757,Africa
Kenya,KEN,2018,,50207109,Africa
Kenya,KEN,2019,,51202829,Africa
Kenya,KEN,2020,44.42771673202515,52217327,Africa
Kenya,KEN,2021,46.449849009513855,53219167,Africa
Kenya,KEN,2022,46.879225969314575,54252458,Africa
Mozambique,MOZ,1981,,11568123,Africa
Mozambique,MOZ,1982,,11824371,Africa
Mozambique,MOZ,1983,,12073825,Africa
Mozambique,MOZ,1984,,12315953,Africa
Mozambique,MOZ,1985,,12548951,Africa
Mozambique,MOZ,1986,,12770581,Africa
Mozambique,MOZ,1987,,12822573,Africa
Mozambique,MOZ,1988,,12800556,Africa
Mozambique,MOZ,1989,,12906842,Africa
Mozambique,MOZ,1990,,13094535,Africa
Mozambique,MOZ,1991,,13352091,Africa
Mozambique,MOZ,1992,,13613314,Africa
Mozambique,MOZ,1993,,14051203,Africa
Mozambique,MOZ,1994,,15033852,Africa
Mozambique,MOZ,1995,,15960530,Africa
Mozambique,MOZ,1996,87.69320249557495,16492484,Africa
Mozambique,MOZ,1997,,16949988,Africa
Mozambique,MOZ,1998,,17340463,Africa
Mozambique,MOZ,1999,,17734499,Africa
Mozambique,MOZ,2000,,18129652,Africa
Mozambique,MOZ,2001,,18537735,Africa
Mozambique,MOZ,2002,87.566077709198,18958338,Africa
Mozambique,MOZ,2003,,19392477,Africa
Mozambique,MOZ,2004,,19840312,Africa
Mozambique,MOZ,2005,,20304577,Africa
Mozambique,MOZ,2006,,20787088,Africa
Mozambique,MOZ,2007,,21287638,Africa
Mozambique,MOZ,2008,81.12763166427612,21819037,Africa
Mozambique,MOZ,2009,,22391751,Africa
Mozambique,MOZ,2010,,22999234,Africa
Mozambique,MOZ,2011,,23649045,Africa
Mozambique,MOZ,2012,,24337849,Africa
Mozambique,MOZ,2013,,25051613,Africa
Mozambique,MOZ,2014,74.38780069351196,25788473,Africa
Mozambique,MOZ,2015,,26547576,Africa
Mozambique,MOZ,2016,,27337107,Africa
Mozambique,MOZ,2017,,28166397,Africa
Mozambique,MOZ,2018,,29018647,Africa
Mozambique,MOZ,2019,81.63159489631653,29884378,Africa
Mozambique,MOZ,2020,,30783685,Africa
Mozambique,MOZ,2021,,31707798,Africa
Mozambique,MOZ,2022,81.3613772392273,32656242,Africa
Nigeria,NGA,1981,,76068116,Africa
Nigeria,NGA,1982,,78378699,Africa
Nigeria,NGA,1983,,80438257,Africa
Nigeria,NGA,1984,,82526444,Africa
Nigeria,NGA,1985,51.05599761009216,84897973,Africa
Nigeria,NGA,1986,,87235959,Africa
Nigeria,NGA,1987,,89591718,Africa
Nigeria,NGA,1988,,92020088,Africa
Nigeria,NGA,1989,,94531022,Africa
Nigeria,NGA,1990,,97120926,Africa
Nigeria,NGA,1991,,99720161,Africa
Nigeria,NGA,1992,55.16522526741028,102372779,Africa
Nigeria,NGA,1993,,105122075,Africa
Nigeria,NGA,1994,,107935717,Africa
Nigeria,NGA,1995,,110819430,Africa
Nigeria,NGA,1996,60.907912254333496,113754783,Africa
Nigeria,NGA,1997,,116754790,Africa
Nigeria,NGA,1998,,119846261,Africa
Nigeria,NGA,1999,,123047324,Africa
Nigeria,NGA,2000,,126382490,Africa
Nigeria,NGA,2001,,129862594,Africa
Nigeria,NGA,2002,,133471995,Africa
Nigeria,NGA,2003,51.09695792198181,137202646,Africa
Nigeria,NGA,2004,,141057045,Africa
Nigeria,NGA,2005,,145017256,Africa
Nigeria,NGA,2006,,149077335,Africa
Nigeria,NGA,2007,,153267254,Africa
Nigeria,NGA,2008,,157595014,Africa
Nigeria,NGA,2009,,162049466,Africa
Nigeria,NGA,2010,38.48505914211273,166642888,Africa
Nigeria,NGA,2011,,171379602,Africa
Nigeria,NGA,2012,37.443411350250244,176200627,Africa
Nigeria,NGA,2013,,181049440,Africa
Nigeria,NGA,2014,,185896917,Africa
Nigeria,NGA,2015,35.76658070087433,190671883,Africa
Nigeria,NGA,2016,,195443698,Africa
Nigeria,NGA,2017,,200254580,Africa
Nigeria,NGA,2018,34.19290482997894,204938752,Africa
Nigeria,NGA,2019,,209485637,Africa
Nigeria,NGA,2020,,213996185,Africa
Nigeria,NGA,2021,,218529286,Africa
Nigeria,NGA,2022,41.81954860687256,223150906,Africa
Singapore,SGP,1981,,2531801,Asia
Singapore,SGP,1982,,2627420,Asia
Singapore,SGP,1983,,2685982,Asia
Singapore,SGP,1984,,2720930,Asia
Singapore,SGP,1985,,2735032,Asia
Singapore,SGP,1986,,2744656,Asia
Singapore,SGP,1987,,2781625,Asia
Singapore,SGP,1988,,2849043,Asia
Singapore,SGP,1989,,2938656,Asia
Singapore,SGP,1990,,3039593,Asia
Singapore,SGP,1991,,3136294,Asia
Singapore,SGP,1992,,3226461,Asia
Singapore,SGP,1993,,3317892,Asia
Singapore,SGP,1994,,3417818,Asia
Singapore,SGP,1995,,3533624,Asia
Singapore,SGP,1996,,3664566,Asia
Singapore,SGP,1997,,3796629,Asia
Singapore,SGP,1998,,3901418,Asia
Singapore,SGP,1999,,3966562,Asia
Singapore,SGP,2000,,4035251,Asia
Singapore,SGP,2001,,4116169,Asia
Singapore,SGP,2002,,4146898,Asia
Singapore,SGP,2003,,4138241,Asia
Singapore,SGP,2004,,4172767,Asia
Singapore,SGP,2005,,4268363,Asia
Singapore,SGP,2006,,4407064,Asia
Singapore,SGP,2007,,4596516,Asia
Singapore,SGP,2008,,4806742,Asia
Singapore,SGP,2009,,4968574,Asia
Singapore,SGP,2010,,5077020,Asia
Singapore,SGP,2011,,5182242,Asia
Singapore,SGP,2012,,5293345,Asia
Singapore,SGP,2013,,5385589,Asia
Singapore,SGP,2014,,5457899,Asia
Singapore,SGP,2015,,5525343,Asia
Singapore,SGP,2016,,5577936,Asia
Singapore,SGP,2017,,5604087,Asia
Singapore,SGP,2018,,5634366,Asia
Singapore,SGP,2019,,5669562,Asia
Singapore,SGP,2020,,5620151,Asia
Singapore,SGP,2021,,5546291,Asia
Singapore,SGP,2022,,5649888,Asia
South Africa,ZAF,1981,,30541046,Africa
South Africa,ZAF,1982,,31615339,Africa
South Africa,ZAF,1983,,32739308,Africa
South Africa,ZAF,1984,,33892793,Africa
South Africa,ZAF,1985,,35042097,Africa
South Africa,ZAF,1986,,36180519,Africa
South Africa,ZAF,1987,,37326192,Africa
South Africa,ZAF,1988,,38480647,Africa
South Africa,ZAF,1989,,39628574,Africa
South Africa,ZAF,1990,,40746274,Africa
South Africa,ZAF,1991,,41687903,Africa
South Africa,ZAF,1992,,42443510,Africa
South Africa,ZAF,1993,44.6179986000061,43297155,Africa
South Africa,ZAF,1994,,44004140,Africa
South Africa,ZAF,1995,,44541557,Africa
South Africa,ZAF,1996,,45123023,Africa
South Africa,ZAF,1997,,45666835,Africa
South Africa,ZAF,1998,,46223888,Africa
South Africa,ZAF,1999,,46730331,Africa
South Africa,ZAF,2000,47.90999889373779,47159715,Africa
South Africa,ZAF,2001,,47566805,Africa
South Africa,ZAF,2002,,48019414,Africa
South Africa,ZAF,2003,,48500351,Africa
South Africa,ZAF,2004,,48991420,Africa
South Africa,ZAF,2005,42.112842202186584,49490041,Africa
South Africa,ZAF,2006,,49998271,Africa
South Africa,ZAF,2007,,50528575,Africa
South Africa,ZAF,2008,30.27811050415039,51114595,Africa
South Africa,ZAF,2009,,51728518,Africa
South Africa,ZAF,2010,29.539617896080017,52344047,Africa
South Africa,ZAF,2011,,52995212,Africa
South Africa,ZAF,2012,,53782570,Africa
South Africa,ZAF,2013,,54678789,Africa
South Africa,ZAF,2014,31.210604310035706,55594840,Africa
South Africa,ZAF,2015,,56723536,Africa
South Africa,ZAF,2016,,57259550,Africa
South Africa,ZAF,2017,,57635158,Africa
South Africa,ZAF,2018,,58613001,Africa
South Africa,ZAF,2019,,59587880,Africa
South Africa,ZAF,2020,,60562374,Africa
South Africa,ZAF,2021,,61502602,Africa
South Africa,ZAF,2022,,62378417,Africa
South Korea,KOR,1981,,38689192,Asia
South Korea,KOR,1982,,39356159,Asia
South Korea,KOR,1983,,40000945,Asia
South Korea,KOR,1984,,40598302,Asia
South Korea,KOR,1985,,41148956,Asia
South Korea,KOR,1986,,41718508,Asia
South Korea,KOR,1987,,42322092,Asia
South Korea,KOR,1988,,42922980,Asia
South Korea,KOR,1989,,43524765,Asia
South Korea,KOR,1990,,44081425,Asia
South Korea,KOR,1991,,44439146,Asia
South Korea,KOR,1992,,44653699,Asia
South Korea,KOR,1993,,44887721,Asia
South Korea,KOR,1994,,45130842,Asia
South Korea,KOR,1995,,45368425,Asia
South Korea,KOR,1996,,45638701,Asia
South Korea,KOR,1997,,45941541,Asia
South Korea,KOR,1998,,46230885,Asia
South Korea,KOR,1999,,46500382,Asia
South Korea,KOR,2000,,46766660,Asia
South Korea,KOR,2001,,47043467,Asia
South Korea,KOR,2002,,47299118,Asia
South Korea,KOR,2003,,47514158,Asia
South Korea,KOR,2004,,47697076,Asia
South Korea,KOR,2005,,47851646,Asia
South Korea,KOR,2006,0.4922011401504278,48006518,Asia
South Korea,KOR,2007,,48178122,Asia
South Korea,KOR,2008,0.4755379166454077,48356485,Asia
South Korea,KOR,2009,,48546690,Asia
South Korea,KOR,2010,0.49589970149099827,48769329,Asia
South Korea,KOR,2011,,49127640,Asia
South Korea,KOR,2012,0.49695614725351334,49599580,Asia
South Korea,KOR,2013,,50071168,Asia
South Korea,KOR,2014,0.23564286530017853,50539055,Asia
South Korea,KOR,2015,,50983909,Asia
South Korea,KOR,2016,0.2472900552675128,51297836,Asia
South Korea,KOR,2017,0.24032741785049438,51486268,Asia
South Korea,KOR,2018,0.24876692332327366,51640894,Asia
South Korea,KOR,2019,0.24659540504217148,51767844,Asia
South Korea,KOR,2020,0,51858481,Asia
South Korea,KOR,2021,0.24876492097973824,51848401,Asia
South Korea,KOR,2022,,51782515,Asia
Taiwan,TWN,1981,0.23778320755809546,18412829,Asia
Taiwan,TWN,1982,,18723986,Asia
Taiwan,TWN,1983,,19022629,Asia
Taiwan,TWN,1984,,19306762,Asia
Taiwan,TWN,1985,,19571695,Asia
Taiwan,TWN,1986,0,19805981,Asia
Taiwan,TWN,1987,,20015820,Asia
Taiwan,TWN,1988,,20223658,Asia
Taiwan,TWN,1989,,20418913,Asia
Taiwan,TWN,1990,,20594907,Asia
Taiwan,TWN,1991,0,20781752,Asia
Taiwan,TWN,1992,,20982088,Asia
Taiwan,TWN,1993,,21174678,Asia
Taiwan,TWN,1994,,21357145,Asia
Taiwan,TWN,1995,0.49881068989634514,21534497,Asia
Taiwan,TWN,1996,,21709270,Asia
Taiwan,TWN,1997,0,21885332,Asia
Taiwan,TWN,1998,,22049226,Asia
Taiwan,TWN,1999,,22203788,Asia
Taiwan,TWN,2000,0,22332873,Asia
Taiwan,TWN,2001,,22446254,Asia
Taiwan,TWN,2002,,22566898,Asia
Taiwan,TWN,2003,,22664130,Asia
Taiwan,TWN,2004,,22745432,Asia
Taiwan,TWN,2005,0,22824932,Asia
Taiwan,TWN,2006,,22914644,Asia
Taiwan,TWN,2007,0,23006921,Asia
Taiwan,TWN,2008,,23086238,Asia
Taiwan,TWN,2009,,23164353,Asia
Taiwan,TWN,2010,0.24100542068481445,23224049,Asia
Taiwan,TWN,2011,,23273078,Asia
Taiwan,TWN,2012,,23345963,Asia
Taiwan,TWN,2013,0.2492123283445835,23416870,Asia
Taiwan,TWN,2014,,23472811,Asia
Taiwan,TWN,2015,,23529260,Asia
Taiwan,TWN,2016,0,23586140,Asia
Taiwan,TWN,2017,0,23632950,Asia
Taiwan,TWN,2018,0,23659308,Asia
Taiwan,TWN,2019,0,23674137,Asia
Taiwan,TWN,2020,0,23663461,Asia
Taiwan,TWN,2021,0,23558330,Asia
Taiwan,TWN,2022,,23420107,Asia