observation_date,Vietnam,Indonesia,Malaysia,Thailand,The Philippines,Peru,Mexico,Chile,Colombia,Republic of Korea,Hong Kong SAR,Singapore,South Africa,Ethiopia,Ghana,Nigeria,Mozambique,Kenya
1960-01-01,,597.734506697936,1266.31525712689,592.465635112506,1123.78209980486,2704.36949914585,4145.79302184391,3222.68320691095,1961.22914417260,1037.72899231615,,3611.95365142064,3993.43679652042,,1100.763052182420,1454.98091927783,,792.958020207348
1961-01-01,,614.678000352920,1327.77650865403,606.205592712551,1150.62906586528,2819.64448663957,4219.18150869443,3330.52707974518,1998.42316206119,1077.10464038579,3956.03418038360,3777.39463491526,4032.22272450370,231.020311732483,1106.494567855360,1428.11709253028,,704.532413221054
1962-01-01,,608.672830748941,1376.65800987085,632.983035716153,1168.60880125748,3013.56779249399,4276.14326508853,3391.27067852121,2042.63527704771,1087.79362228726,4333.86159954119,3951.76046995379,4155.85711467972,235.017038203337,1124.533164110110,1455.81737398163,,742.214802683441
1963-01-01,,578.480952858822,1439.55490061108,663.554365825920,1211.82149959902,3054.09341665986,4474.72750864397,3512.57010027390,2046.30756363644,1153.23486916692,4847.35749953763,4239.99266151220,4329.07391977209,239.386778488611,1146.372810804060,1547.48395499883,,776.614053203860
1964-01-01,,582.039622009982,1477.83156448895,688.017307298417,1214.70925760191,3161.27865870871,4845.87442780417,3528.85792654120,2108.00878137941,1229.36998908154,5139.81426157932,4004.45879353131,4532.23430548773,242.704624004673,1144.138327368840,1589.68156021193,,783.777273902912
1965-01-01,,573.642474075567,1551.33616738207,722.392299176819,1241.10921652117,3244.42752499768,5021.34799289490,3485.36104672350,2119.99498736563,1286.16625407866,5739.58704003144,4214.50928654512,4664.09699107786,249.912231375365,1132.307026405240,1631.55987468263,,768.312009345226
1966-01-01,,575.863301570169,1631.47589814079,779.304978301365,1257.98440669165,3413.00557819899,5153.81469089099,3813.48804203720,2167.35670771429,1404.83811121824,5791.09086354276,4529.52603020969,4722.49942007925,261.150022934557,1058.323480603550,1528.59450365696,,847.028481793247
1967-01-01,,568.830963804607,1654.76507573676,822.065821475732,1285.29310102980,3445.54689195427,5278.10822022788,3879.66399521903,2194.44365471957,1498.01049644544,5737.11950073169,4984.78417700352,4906.85685086378,264.675697737817,1064.839418053260,1260.72712413534,,841.449011083599
1968-01-01,,614.066837154833,1746.69654709275,863.617164738641,1311.52148738311,3355.06834981307,5589.05119200198,3948.30026572163,2262.17424281179,1657.18854005249,5807.39164795234,5562.32007695611,4953.80064833126,268.128469203589,1043.066525404060,1218.43317476044,,873.396320093881
1969-01-01,,638.076485696931,1791.13966548692,894.636115562961,1334.73174869948,3377.29242666322,5596.39687793608,4040.00580118060,2338.10714398443,1856.48418780744,6363.72174870094,6237.25093664419,5029.64691362757,264.474885993220,1078.403571335490,1480.04711892566,,906.636182608442
1970-01-01,,667.649761220022,1855.24673850886,969.511716318085,1348.64912771152,3404.48746273535,5774.77045926420,4039.58221003868,2421.22502270787,2001.04656436772,6782.65997654787,6997.19902931212,5135.56150268950,266.245461715207,1152.051767102670,1808.39459103973,,831.801819281121
1971-01-01,,695.446971500357,1993.49999498673,989.909220029885,1388.24899930969,3474.09968688628,5809.39879118197,4353.53619549239,2504.49731055786,2170.96469681320,7122.07551634489,7722.86451179110,5200.74321808270,275.976263514282,1179.060743753020,2018.17321464601,,980.029449369286
1972-01-01,,724.833992058908,2128.90738683232,1005.144546734980,1430.58532244744,3500.78314670801,6099.20317390896,4252.43567121887,2634.72068551099,2286.93666830827,7728.27233689255,8590.60864812538,5137.37692437712,280.058137263866,1117.823152724210,2036.69397821361,,1108.227140850080
1973-01-01,,763.256635953719,2321.73809965247,1079.191990945540,1522.01742049488,3625.43301411272,6385.19714673421,3973.50397268360,2748.14553426071,2583.31158461691,8435.88645932335,9325.56611338064,5220.82176643606,286.638646511650,1117.342458366670,2093.63873175684,,1133.748284676080
1974-01-01,,800.654080275710,2455.31271360892,1099.029395949660,1540.04224351715,3866.66343217870,6559.30112736973,3959.79582475475,2841.38134772396,2784.47241806545,8370.84543845848,9732.72706270950,5385.83133677931,288.463346176636,1159.775762085860,2267.04408449494,,1140.552559204660
1975-01-01,,819.538910861999,2416.51344882660,1125.839551261060,1587.49928255808,3933.70255577203,6740.62499353237,3419.82797116030,2843.73101842111,2955.19639022170,8254.03263526449,9974.22091805681,5327.51843473453,285.006045430116,986.613046328261,2089.85507779178,,1113.009776342080
1976-01-01,,854.398567378460,2632.12032089303,1202.744246546290,1683.65998853926,3893.41831349783,6845.37111751372,3488.60951805533,2914.01196628327,3294.13497099216,9468.54628337440,10572.56690417360,5301.98639575895,278.313662026800,924.779241630551,2214.32261606968,,1100.656501153500
1977-01-01,,906.717766390934,2768.88534365126,1291.919768102800,1730.59409726768,3811.69775974603,6888.57894645340,3818.62804303532,2968.66258052749,3644.59385270464,10427.16039372440,11141.57979700380,5155.68575875517,280.444448365703,918.336702049617,2278.69721767638,,1165.368612224780
1978-01-01,,944.755242951634,2883.07107029481,1394.181340220160,1772.22820167607,3619.69303247044,7309.60711423978,4063.41850322282,3148.23886798572,3986.99777854343,11085.84899097020,11863.69396770020,5168.06930314104,283.283138767077,966.366546263631,2082.55279909898,,1203.767877135310
1979-01-01,,989.678300355954,3077.78933378140,1438.539295043060,1822.14502270220,3674.96184299482,7814.54966733746,4341.27884005509,3244.08651685293,4270.07298916474,11709.22419138150,12834.16008958570,5220.72505658187,276.040285482629,913.729023099301,2155.78965300201,,1251.319133301410
1980-01-01,,1061.791789401000,3216.28778690077,1482.087420047370,1867.56862352125,3797.43621611508,8290.28898927734,4627.19349061049,3300.51170195765,4139.96068546080,12553.12612619810,13953.89017083400,5399.54067871187,292.153506886342,891.578049368905,2177.41578655323,251.567549222861,1275.282697293550
1981-01-01,,1119.399110207880,3332.82000559163,1538.431274149730,1881.81520256172,3909.66676934412,8875.07151189312,4866.12669776366,3298.73218883264,4377.64026742067,13397.31787909970,14737.30058542090,5498.59203384975,297.391843880891,836.509660283615,1834.28760820914,258.850606099762,1276.927787816890
1982-01-01,,1118.383207393340,3420.21717115114,1589.421685968190,1898.13930580212,3805.24470888803,8676.57130971348,4244.09899383271,3253.88046917188,4675.53053701243,13580.04295785360,15106.25076648210,5291.38261097586,288.690088739962,756.294499573179,1659.09814351168,235.767482817497,1250.613969290680
1983-01-01,,1139.006301232480,3518.79492112604,1645.991690946840,1878.60173410166,3325.45532400634,8098.51642174164,3975.62230556306,3228.35593102948,5227.53893142287,14174.70542490170,16186.91451384010,5015.37142372166,303.857283167870,700.396045771895,1440.01747782620,194.645654684469,1221.534858908340
1984-01-01,595.491333343053,1191.590587717640,3670.36601236602,1707.930801984100,1696.57673822151,3361.21738023781,8207.92337537128,4072.50464907353,3260.28459182748,5712.63984757483,15435.97512472180,17280.37038223030,5091.71936365917,287.621232002049,741.569874205891,1387.92176005589,178.415686382550,1198.094372420460
1985-01-01,603.977495797078,1195.123115478510,3515.25505625205,1754.627162496590,1537.66555840437,3347.82743034644,8194.16249388144,4153.37019930025,3289.71209715409,6105.74268983951,15386.65042715370,17149.31550146000,4865.05694085787,248.470605031820,762.747783660855,1428.92742820366,176.854086200431,1204.919323677360
1986-01-01,607.589997887830,1240.064756493420,3444.11713819558,1818.905046596250,1551.40892775445,3578.00091333160,7713.61215366042,4310.54362901388,3410.15965281641,6740.69941617276,16876.25280858370,17396.02813636750,4712.81869464239,264.539002422205,784.937923659407,1391.47877234542,169.787799695594,1245.988510253940
1987-01-01,616.715148033271,1276.132319958920,3508.00948571695,1957.759636744520,1576.97337027736,3837.26769850321,7716.49731737025,4528.63337696520,3520.16261987219,7535.12660432782,18945.70643593270,18986.75270036270,4664.13011613961,291.112259309145,803.929610179043,1398.24883298999,193.956902454941,1274.220879616140
1988-01-01,635.398203948006,1324.375729523780,3737.26006906652,2180.413586541820,1638.03682404026,3397.01630742059,7657.72747545790,4783.26035220905,3588.96963573165,8367.04656522944,20386.21715755540,20595.97513891870,4714.22284174624,281.374024417104,829.017387585837,1461.19132231299,210.222304910608,1306.364336835040
1989-01-01,668.323172497837,1396.699709074000,3953.81471255834,2406.269968245450,1696.00236347127,2912.66434308040,7783.80581012845,5192.61380044824,3636.07569199887,8878.29655251462,20635.54935826720,22031.89713002190,4687.29105190200,269.793522386618,849.686579158456,1449.68017647113,222.043123475899,1320.507745198970
1990-01-01,687.860316254161,1470.918222585280,4184.76072928976,2631.519710958630,1704.07568899121,2706.92253156841,8036.86114412537,5290.53694835535,3714.18499283280,9672.57845182894,21357.26195416300,23272.70009321590,4544.23023212165,267.078134508598,855.852507081810,1577.19616627741,221.048981086396,1329.333127662320
1991-01-01,713.747210806804,1544.995808945270,4456.93133148159,2810.567020013160,1656.38349704781,2709.27754515647,8197.01179494896,5606.86557277047,3713.17727535576,10618.84314391220,22388.62183095830,24132.71532906210,4396.36069450543,237.502454667904,878.635704065940,1541.59066261036,227.462736236500,1305.464157014470
1992-01-01,759.910853953724,1617.109548722180,4726.13789172987,2989.853853690190,1624.34939806129,2640.31373880219,8330.26426802488,6151.76546454326,3787.59429182160,11176.56068587100,23585.67258861130,24973.43113581120,4225.81432848500,207.967880879774,890.313174799419,1571.19022617830,206.194607588583,1255.938706223590
1993-01-01,805.606443630458,1693.107426018900,5062.59110437050,3186.997071032290,1620.35505833942,2723.28423102920,8411.79621338297,6461.73217350303,3912.65908357960,11837.46920537970,24621.65265814330,27139.95242789850,4193.59826135345,227.173295614208,910.722897752222,1498.95895037787,221.624579964898,1223.506167257620
1994-01-01,861.122422555836,1790.327299624550,5390.10167606966,3391.489866040620,1654.74613902838,2998.57693125514,8623.48043007968,6688.29717704707,4059.32146113882,12817.24478249580,25526.44305073680,29220.27279154760,4258.26184733408,226.399912642527,918.428722656692,1433.38861092290,220.478583291331,1219.784111330500
1995-01-01,927.625512005765,1905.542361112380,5771.35211956083,3614.932440167320,1693.80873081644,3158.98338644792,7970.64038496182,7201.13100361441,4189.72770913999,13924.30440003470,25620.02493320160,30379.89911445980,4337.29729686998,232.230450633845,933.895311664356,1395.07488456856,212.086249862904,1237.882504676750
1996-01-01,998.924907248853,2020.991481325090,6190.46429134886,3766.863644330880,1752.23800104559,3186.90077024092,8320.65295694833,7605.28953010603,4198.69126252708,14894.32788341040,25551.36640047590,31349.31718051310,4465.50649854807,252.612985005506,954.325387944775,1416.10189471212,227.198486695187,1254.210252486740
1997-01-01,1064.778028599080,2081.841669396200,6480.55649455855,3614.608485439940,1800.25913137613,3331.15151093297,8770.84481553539,8058.94228801535,4265.69351856460,15682.27179051890,26631.79370713840,32835.25185060820,4527.04992403877,252.311666681832,970.995739362631,1420.23877961207,247.184945629196,1226.195421133370
1998-01-01,1110.112677324800,1780.200495448920,5857.96702940857,3295.360183812940,1746.52590513282,3258.29746206218,9161.89527783381,8287.45061096547,4213.82800470051,14800.50915736410,24856.76480704170,31043.10818007600,4494.85711232358,236.055514521880,992.206317989320,1419.31770917955,266.672705397492,1232.066581066350
1999-01-01,1148.044652108320,1767.514667297560,6070.95621987091,3403.087373568960,1759.42105225652,3250.37802318947,9264.97729259968,8161.45168872186,3967.11339937681,16402.91683410940,25237.65799891290,32557.04699040630,4552.85007973031,240.604711286049,1010.881949163480,1390.46921139078,291.560018665606,1224.634046398860
2000-01-01,1212.196577943810,1828.102659683610,6455.61419792583,3514.716629706080,1793.34761146436,3286.27308475523,9581.96970210753,8465.35303258864,4016.80951748167,17763.13534172970,26933.23774539940,34890.08113651680,4700.87555500704,247.505413659694,1022.275207145660,1421.67987952013,287.390630344484,1195.412968516560
2001-01-01,1273.805269009400,1868.591723072920,6334.92795651698,3599.025248773580,1807.70892524758,3261.66425051360,9398.35074355724,8632.01482440560,4020.50789754842,18460.42881938290,26885.42848339260,33597.86908082260,4786.48245046300,260.042316081350,1035.226660532570,1465.45720342309,317.185703581034,1202.293487599870
2002-01-01,1340.516704602710,1926.374358681490,6516.90671560155,3783.754220732660,1837.25429286854,3398.74991419297,9242.27886130016,8810.69052712257,4058.28493578738,19775.38006551390,27210.06934807690,34598.82674837810,4916.81498068625,256.066635883709,1052.465916443990,1644.39518877633,340.135370222590,1171.426251734900
2003-01-01,1418.743374715090,1991.918205064730,6732.92049458099,4018.155381870680,1892.82161995051,3502.79165687646,9221.99666693097,9130.78426218190,4154.17528523618,20278.04064211780,28097.10888181700,36709.79650382550,5011.62223150169,243.076666020009,1077.699908666450,1717.21451111760,356.521157404125,1169.144336740510
2004-01-01,1510.944490495990,2065.706174708420,7025.34558004381,4232.771572619340,1978.34489133113,3640.60299869744,9421.28975988024,9642.37478651228,4311.91591255233,21244.81368005280,30304.31268631520,39856.63562226130,5187.35683424034,267.923513391712,1108.304753536330,1824.80269456773,377.064958084878,1191.254436045560
2005-01-01,1609.962683136510,2155.447801592100,7234.02442689141,4372.257302062610,2037.87766059460,3835.13219279722,9491.51730225718,10104.42083913730,4457.27537460443,22123.76130668510,32401.39076596850,41798.48808346710,5406.07581377638,290.833381425059,1143.311789343010,1889.25175325818,391.699758163976,1223.447384720190
2006-01-01,1699.676203433930,2244.080222620200,7469.81069212110,4551.525001831400,2110.42044781284,4091.36268615581,9813.82804244250,10611.61440128770,4694.03442939175,23162.18601112970,34458.04987467560,44159.41018205520,5650.98831765490,313.013896721503,1185.265707385950,1949.15856804565,420.526462764726,1263.541646662110
2007-01-01,1788.948502895700,2355.152856532800,7769.59693350488,4760.667084648310,2209.34651083329,4407.79121686416,9877.69532644737,11051.34507176780,4947.25260813108,24391.76510134480,36371.68593702680,46178.81394701990,5891.42069421698,338.799064654308,1205.317058042090,2020.83316299454,442.049574057751,1309.910929482160
2008-01-01,1856.005198839790,2464.601934182720,7976.11785374773,4805.763939908360,2264.94629072880,4778.52642172313,9826.34218360480,11356.09221059830,5048.57187245249,24934.53963676910,36924.08838545560,44601.57993026990,6009.71963138635,364.642208155735,1282.634168867470,2098.28339220668,460.947294856790,1273.772261030730
2009-01-01,1927.134270574540,2546.219697077670,7700.46111294033,4737.456797633140,2256.72554835463,4801.17153740507,9074.11881455640,11116.40934431030,5046.97121757727,25009.91483119990,35938.59023694310,43331.87466389620,5847.05811084505,385.632419711374,1311.630537601250,2204.60725603730,475.788178051193,1276.735034860740
2010-01-01,2027.581843759240,2670.812909895300,8118.92270511981,5059.357478316570,2373.14312064664,5167.39259325937,9389.06722084275,11649.28970908560,5214.24547620131,26623.04871229270,38090.02139943290,48752.05154418590,5953.94506512821,421.898622378633,1381.227950350600,2315.46676509663,494.162859074785,1340.164674088560
2011-01-01,2132.904537620870,2799.624687903180,8400.32248683558,5070.237401919420,2416.75212064542,5453.45718713631,9575.93437788582,12252.84410746150,5517.10110868990,27393.45535727200,39656.33928850620,50713.53263935940,6067.12482726885,455.909628648555,1537.818340192830,2370.97657091803,514.869957191994,1370.580008744820
2012-01-01,2224.114042532560,2930.518445323000,8710.52671359902,5403.878460362730,2533.74141964959,5740.04346272472,9782.51776305354,12882.83441792700,5675.75617978305,27944.05641900450,39887.83394565090,51679.35271733300,6121.55783860713,481.639999909808,1640.540720880030,2403.65387896924,540.294517780300,1396.301787097560
2013-01-01,2320.084314449340,3055.242460064690,8964.80724896203,5516.611641641350,2654.41506933978,6021.46142765232,9738.71059803658,13182.73296198560,5910.80592301166,28732.71115203300,40959.98130339960,53298.97285582860,6170.87670863373,518.324662208106,1718.597047699580,2495.34106573749,559.393953685688,1413.941425225830
2014-01-01,2439.286557444230,3170.721030114290,9341.73055971278,5541.465993618450,2776.92005909479,6103.91864749969,9862.48125444199,13285.95403611920,6121.83982019825,29470.67329916550,41796.86818677630,54681.93364582530,6155.00589462516,556.362532243867,1726.369301346470,2583.61556958140,585.266716133984,1450.593382022770
2015-01-01,2577.568853401130,3288.222697255380,9648.67979375230,5688.853353978840,2909.85818010301,6231.71150338894,10021.23861188270,13433.92029870320,6248.51490534512,30171.79065452220,42432.16197404410,55645.60686146060,6112.27382485974,597.912113218663,1722.772828336060,2585.73360671797,610.563774706589,1489.119597772840
2016-01-01,2715.578874312720,3416.810051709720,9901.47960179812,5857.780529359260,3076.33741867590,6392.25474941014,10100.50212140150,13505.09771113300,6316.07067782542,31005.40728763880,43087.54555784290,56986.78531029110,6095.29506042800,636.835680951429,1740.811019029280,2481.81490350326,620.779714954555,1517.977960577420
2017-01-01,2868.136800133790,3553.519992623210,10293.76292053620,6076.743077000820,3247.45038783620,6457.41940254721,10193.77271934570,13473.34585329340,6309.67745292518,31979.90273024670,44380.81003403620,59485.30158739210,6125.69205074970,678.985419157570,1841.446361532490,2441.71236404488,618.397694360334,1542.337739733720
2018-01-01,3048.283276021450,3701.321554619120,10610.19502404790,6314.199484120430,3410.93647976109,6593.14437459526,10296.86909285340,13763.00688447950,6353.54642853920,32852.88874889420,45280.50798919510,61250.34766723020,6117.27014060470,705.968812073360,1915.453232378100,2431.77857832568,621.153734194787,1596.690459149450
2019-01-01,3241.076489665290,3850.903217389790,10902.98348558560,6434.537705180340,3575.88170922922,6626.26083494969,10159.44483643190,13630.59354355780,6439.96359812647,33496.31138156430,44195.27686444310,61345.52918200620,6032.82972598668,744.702789753973,1999.553722202110,2431.53528472982,617.139320001950,1645.709617778620
2020-01-01,3303.169498074930,3739.449065631610,10171.46578427620,6035.186277370770,3198.66690008413,5831.83024758521,9234.64362317923,12679.02400402200,5891.95523215403,33215.92989281080,41451.29811313330,59189.70385743000,5569.58483319272,768.705424485209,1970.194114603980,2228.68631422888,591.804059985932,1609.334140782810
2021-01-01,3358.217347647140,3850.688772539030,10388.26671208570,6121.526965297130,3350.97587587776,6547.84718181776,9728.05680032556,14051.47136306770,6457.16921807086,34792.93972145980,44530.92620905830,67731.26107117170,5750.90937479584,790.657019597780,2030.048665009670,2206.66406250067,588.215854695416,1698.895782714440
2022-01-01,3617.663114650120,4024.912252883910,11191.65117569430,6278.785513827600,3577.70136573244,6667.51695632036,10013.24792361430,14283.14895015240,6856.72590505374,35809.01381051440,43281.68522913060,68218.80533356200,5786.86505344736,811.177729326201,2067.208959107660,2254.29080416892,596.058889461466,1747.531988044280
2023-01-01,3775.463755558020,4192.651678906920,11445.39252750790,6408.414325772940,3744.69763802928,6568.00027797930,10259.17666164030,14280.34756388420,6828.59753791113,36347.70363925530,43550.62987477860,66167.35963036070,5756.55049453121,842.446604894040,2091.813356459500,2280.91931156115,610.433258850746,1811.216518384250
2024-01-01,4017.746041115540,4367.862666211910,11883.79127749000,6574.461093879850,3925.30486972180,6711.19403272527,10316.46119022150,14579.40010713070,6863.59563194342,37048.42640014960,44712.76547255320,67706.83361497390,5715.47531469148,883.458588619291,2167.726914066780,2324.64881202751,605.604720848519,1860.022870477760
